Workbook

Sheet Media Plan
A1: Goal | B1: Amazon revenue ₹1.4L → ₹10,00,000 / month in 6 months using listing optimisation + SP/SB/SD ads
A3: Media Plan – CURRYiT (Chettinad Chicken Curry Paste, ASIN B0G1YXWM2P)
A4: Duration | B4: Spend | C4: Impressions | D4: CPM | E4: CTR | F4: Clicks | G4: CPC | H4: Sales | I4: Orders | J4: CVR | K4: CPA | L4: AOV | M4: ACOS | N4: ROAS
A5: Month 1 | B5: =F5*G5 -> 103600 | C5: =ROUND(F5/E5,0) -> 2466667 | D5: =B5/C5*1000 -> 41.999994 | E5: 0.003 | F5: =ROUND(I5/J5,0) -> 7400 | G5: 14 | H5: 200000 | I5: =ROUND(H5/L5,0) -> 444 | J5: 0.06 | K5: =B5/I5 -> 233.33333 | L5: 450 | M5: =B5/H5 -> 0.518 | N5: =H5/B5 -> 1.9305019
A6: Month 2 | B6: =F6*G6 -> 138537 | C6: =ROUND(F6/E6,0) -> 3206875 | D6: =B6/C6*1000 -> 43.2 | E6: 0.0032 | F6: =ROUND(I6/J6,0) -> 10262 | G6: 13.5 | H6: 300000 | I6: =ROUND(H6/L6,0) -> 667 | J6: 0.065 | K6: =B6/I6 -> 207.70165 | L6: 450 | M6: =B6/H6 -> 0.46179 | N6: =H6/B6 -> 2.1654865
A7: Month 3 | B7: =F7*G7 -> 185718 | C7: =ROUND(F7/E7,0) -> 4081714 | D7: =B7/C7*1000 -> 45.500003 | E7: 0.0035 | F7: =ROUND(I7/J7,0) -> 14286 | G7: 13 | H7: 450000 | I7: =ROUND(H7/L7,0) -> 1000 | J7: 0.07 | K7: =B7/I7 -> 185.718 | L7: 450 | M7: =B7/H7 -> 0.41270667 | N7: =H7/B7 -> 2.4230285
A8: Month 4 | B8: =F8*G8 -> 222162.5 | C8: =ROUND(F8/E8,0) -> 4803514 | D8: =B8/C8*1000 -> 46.249995 | E8: 0.0037 | F8: =ROUND(I8/J8,0) -> 17773 | G8: 12.5 | H8: 600000 | I8: =ROUND(H8/L8,0) -> 1333 | J8: 0.075 | K8: =B8/I8 -> 166.66354 | L8: 450 | M8: =B8/H8 -> 0.37027083 | N8: =H8/B8 -> 2.7007258
A9: Month 5 | B9: =F9*G9 -> 273540 | C9: =ROUND(F9/E9,0) -> 5844872 | D9: =B9/C9*1000 -> 46.799998 | E9: 0.0039 | F9: =ROUND(I9/J9,0) -> 22795 | G9: 12 | H9: 800000 | I9: =ROUND(H9/L9,0) -> 1778 | J9: 0.078 | K9: =B9/I9 -> 153.84702 | L9: 450 | M9: =B9/H9 -> 0.341925 | N9: =H9/B9 -> 2.924618
A10: Month 6 | B10: =F10*G10 -> 333300 | C10: =ROUND(F10/E10,0) -> 6943750 | D10: =B10/C10*1000 -> 48 | E10: 0.004 | F10: =ROUND(I10/J10,0) -> 27775 | G10: 12 | H10: 1000000 | I10: =ROUND(H10/L10,0) -> 2222 | J10: 0.08 | K10: =B10/I10 -> 150 | L10: 450 | M10: =B10/H10 -> 0.3333 | N10: =H10/B10 -> 3.0003
A11: Total | B11: =SUM(B5:B10) -> 1256857.5 | C11: =SUM(C5:C10) -> 27347392 | F11: =SUM(F5:F10) -> 100291 | H11: =SUM(H5:H10) -> 3350000 | I11: =SUM(I5:I10) -> 7444 | M11: =B11/H11 -> 0.37518134 | N11: =H11/B11 -> 2.6653777
A12: Yellow cells = assumptions (inputs). White cells = formulas.
A14: Assumed | B14: Reason
A15: AOV | B15: ₹450 = combo pack of 3 pastes. Given in the CURRYiT deck. Kept flat all 6 months.
A16: Sales | B16: Deck phasing: M1–2 ₹1.4L→₹3L, M3–4 ₹3L→₹6L, M5–6 ₹6L→₹10L. Full target planned as paid revenue (deck rule).
A17: CTR | B17: Starts 0.30% (low end of SP 0.3–0.5% benchmark; no video, 6 images, 4.0★ only 248 ratings). Rises to the deck's 0.4% by M6 as video, 7 images and reviews come in. Food & Grocery average = 0.39%.
A18: CPC | B18: Starts ₹14 (new keywords, low relevance score, fighting for top of search). Falls to the deck's ₹12 by M6 as spend moves to proven Exact/brand terms. India grocery CPC benchmark ₹4–16, median ~₹9; D2C SP ₹12–35.
A19: CVR | B19: Starts 6% because the listing is broken today (seller rating 2/5, 11-day delivery, thin listing). Reaches the deck's 8% by M6 after listing fix + FBA. Global grocery CVR is 15–20%, so 8% is safe for a small brand.
A20: ACOS / ROAS | B20: Not assumed – it is the output. Falls from ~52% (ROAS 1.9) in M1 to 33% (ROAS 3.0) in M6, same as the deck maths.
A22: Check vs deck (Month 6): ₹10,00,000 ÷ ₹450 = 2,222 orders ÷ 8% = 27,775 clicks × ₹12 = ₹3,33,300 spend → ROAS 3.0

Sheet Budget Distribution
A1: Budget Distribution by Campaign Type (₹ / month)
A3: Campaign type | B3: Month 1 | C3: Month 2 | D3: Month 3 | E3: Month 4 | F3: Month 5 | G3: Month 6 | H3: Total | I3: Share
A4: Total spend (from Media Plan) | B4: ='Media Plan'!B5 -> 103600 | C4: ='Media Plan'!B6 -> 138537 | D4: ='Media Plan'!B7 -> 185718 | E4: ='Media Plan'!B8 -> 222162.5 | F4: ='Media Plan'!B9 -> 273540 | G4: ='Media Plan'!B10 -> 333300 | H4: =SUM(B4:G4) -> 1256857.5
A5: SP Exact (Brand/Generic/Comp kws – Exact, Phrase, Broad) | B5: =B$4*B14 -> 46620 | C5: =C$4*C14 -> 55414.8 | D5: =D$4*D14 -> 65001.3 | E5: =E$4*E14 -> 73313.625 | F5: =F$4*F14 -> 87532.8 | G5: =G$4*G14 -> 106656 | H5: =SUM(B5:G5) -> 434538.53 | I5: =H5/$H$4 -> 0.34573412
A6: SP Auto | B6: =B$4*B15 -> 20720 | C6: =C$4*C15 -> 24936.66 | D6: =D$4*D15 -> 22286.16 | E6: =E$4*E15 -> 22216.25 | F6: =F$4*F15 -> 21883.2 | G6: =G$4*G15 -> 26664 | H6: =SUM(B6:G6) -> 138706.27 | I6: =H6/$H$4 -> 0.11035958
A7: SP Product Targeting (IP + CT) | B7: =B$4*B16 -> 20720 | C7: =C$4*C16 -> 27707.4 | D7: =D$4*D16 -> 33429.24 | E7: =E$4*E16 -> 37767.625 | F7: =F$4*F16 -> 41031 | G7: =G$4*G16 -> 49995 | H7: =SUM(B7:G7) -> 210650.27 | I7: =H7/$H$4 -> 0.16760075
A8: SB Video | B8: =B$4*B17 -> 15540 | C8: =C$4*C17 -> 20780.55 | D8: =D$4*D17 -> 27857.7 | E8: =E$4*E17 -> 33324.375 | F8: =F$4*F17 -> 41031 | G8: =G$4*G17 -> 49995 | H8: =SUM(B8:G8) -> 188528.62 | I8: =H8/$H$4 -> 0.15
A9: SB Brand (combo) – from Month 3 | B9: =B$4*B18 -> 0 | C9: =C$4*C18 -> 0 | D9: =D$4*D18 -> 18571.8 | E9: =E$4*E18 -> 26659.5 | F9: =F$4*F18 -> 41031 | G9: =G$4*G18 -> 49995 | H9: =SUM(B9:G9) -> 136257.3 | I9: =H9/$H$4 -> 0.1084111
A10: SD (Contextual + Remarketing + Audiences) | B10: =B$4*B19 -> 0 | C10: =C$4*C19 -> 9697.59 | D10: =D$4*D19 -> 18571.8 | E10: =E$4*E19 -> 28881.125 | F10: =F$4*F19 -> 41031 | G10: =G$4*G19 -> 49995 | H10: =SUM(B10:G10) -> 148176.52 | I10: =H10/$H$4 -> 0.11789444
A11: Total | B11: =SUM(B5:B10) -> 103600 | C11: =SUM(C5:C10) -> 138537 | D11: =SUM(D5:D10) -> 185718 | E11: =SUM(E5:E10) -> 222162.5 | F11: =SUM(F5:F10) -> 273540 | G11: =SUM(G5:G10) -> 333300 | H11: =SUM(H5:H10) -> 1256857.5
A13: Split % (input) | B13: Month 1 | C13: Month 2 | D13: Month 3 | E13: Month 4 | F13: Month 5 | G13: Month 6
A14: SP Exact (Brand/Generic/Comp kws – Exact, Phrase, Broad) | B14: 0.45 | C14: 0.4 | D14: 0.35 | E14: 0.33 | F14: 0.32 | G14: 0.32
A15: SP Auto | B15: 0.2 | C15: 0.18 | D15: 0.12 | E15: 0.1 | F15: 0.08 | G15: 0.08
A16: SP Product Targeting (IP + CT) | B16: 0.2 | C16: 0.2 | D16: 0.18 | E16: 0.17 | F16: 0.15 | G16: 0.15
A17: SB Video | B17: 0.15 | C17: 0.15 | D17: 0.15 | E17: 0.15 | F17: 0.15 | G17: 0.15
A18: SB Brand (combo) – from Month 3 | B18: 0 | C18: 0 | D18: 0.1 | E18: 0.12 | F18: 0.15 | G18: 0.15
A19: SD (Contextual + Remarketing + Audiences) | B19: 0 | C19: 0.07 | D19: 0.1 | E19: 0.13 | F19: 0.15 | G19: 0.15
A20: Check = 100% | B20: =SUM(B14:B19) -> 1 | C20: =SUM(C14:C19) -> 1 | D20: =SUM(D14:D19) -> 1 | E20: =SUM(E14:E19) -> 1 | F20: =SUM(F14:F19) -> 1 | G20: =SUM(G14:G19) -> 1
A22: Phase | B22: Why this split
A23: Month 1–2: Get started | B23: SP Exact + Auto + PT = 85–78%. Listing fix, early reviews, find best keywords. No SB Brand (no combo push yet). SD starts M2 on viewers only.
A24: Month 3–4: Grow | B24: SB Brand starts M3 to sell the combo (deck rule). Auto cut as winners move to Exact. SD scales as viewer pool grows.
A25: Month 5–6: Hit target | B25: Tighten, do not expand: Auto 8%. SB + SD = 45% to drive repeat buyers and combo. SP Exact stays the biggest bucket (best ROAS).

Sheet Campaign-wise Split
A1: Campaign-wise Budget (from your Campaign Structure file)
A3: Type | B3: Campaign | C3: Share within type (SD: M3–6) | D3: Month 1 | E3: Month 2 | F3: Month 3 | G3: Month 4 | H3: Month 5 | I3: Month 6 | J3: Total
A4: SP Exact | B4: SP/ChettinadChicken/Brand KWs (Exact+Phrase+Broad) | C4: 0.15 | D4: ='Budget Distribution'!B5*C4 -> 6993 | E4: ='Budget Distribution'!C5*C4 -> 8312.22 | F4: ='Budget Distribution'!D5*C4 -> 9750.195 | G4: ='Budget Distribution'!E5*C4 -> 10997.044 | H4: ='Budget Distribution'!F5*C4 -> 13129.92 | I4: ='Budget Distribution'!G5*C4 -> 15998.4 | J4: =SUM(D4:I4) -> 65180.779
A5: SP Exact | B5: SP/ChettinadChicken/Generic KWs (Exact+Phrase+Broad) | C5: 0.6 | D5: ='Budget Distribution'!B5*C5 -> 27972 | E5: ='Budget Distribution'!C5*C5 -> 33248.88 | F5: ='Budget Distribution'!D5*C5 -> 39000.78 | G5: ='Budget Distribution'!E5*C5 -> 43988.175 | H5: ='Budget Distribution'!F5*C5 -> 52519.68 | I5: ='Budget Distribution'!G5*C5 -> 63993.6 | J5: =SUM(D5:I5) -> 260723.11
A6: SP Exact | B6: SP/ChettinadChicken/Comp KWs (Exact+Phrase+Broad) | C6: 0.25 | D6: ='Budget Distribution'!B5*C6 -> 11655 | E6: ='Budget Distribution'!C5*C6 -> 13853.7 | F6: ='Budget Distribution'!D5*C6 -> 16250.325 | G6: ='Budget Distribution'!E5*C6 -> 18328.406 | H6: ='Budget Distribution'!F5*C6 -> 21883.2 | I6: ='Budget Distribution'!G5*C6 -> 26664 | J6: =SUM(D6:I6) -> 108634.63
A7: SP Auto | B7: SP/ChettinadChicken/Auto | C7: 1 | D7: ='Budget Distribution'!B6*C7 -> 20720 | E7: ='Budget Distribution'!C6*C7 -> 24936.66 | F7: ='Budget Distribution'!D6*C7 -> 22286.16 | G7: ='Budget Distribution'!E6*C7 -> 22216.25 | H7: ='Budget Distribution'!F6*C7 -> 21883.2 | I7: ='Budget Distribution'!G6*C7 -> 26664 | J7: =SUM(D7:I7) -> 138706.27
A8: SP PT | B8: SP/IP/CompTar (competitor ASINs) | C8: 0.55 | D8: ='Budget Distribution'!B7*C8 -> 11396 | E8: ='Budget Distribution'!C7*C8 -> 15239.07 | F8: ='Budget Distribution'!D7*C8 -> 18386.082 | G8: ='Budget Distribution'!E7*C8 -> 20772.194 | H8: ='Budget Distribution'!F7*C8 -> 22567.05 | I8: ='Budget Distribution'!G7*C8 -> 27497.25 | J8: =SUM(D8:I8) -> 115857.65
A9: SP PT | B9: SP/CT (category) | C9: 0.3 | D9: ='Budget Distribution'!B7*C9 -> 6216 | E9: ='Budget Distribution'!C7*C9 -> 8312.22 | F9: ='Budget Distribution'!D7*C9 -> 10028.772 | G9: ='Budget Distribution'!E7*C9 -> 11330.288 | H9: ='Budget Distribution'!F7*C9 -> 12309.3 | I9: ='Budget Distribution'!G7*C9 -> 14998.5 | J9: =SUM(D9:I9) -> 63195.079
A10: SP PT | B10: SP/IP/BrandTar (own ASINs – defence) | C10: 0.15 | D10: ='Budget Distribution'!B7*C10 -> 3108 | E10: ='Budget Distribution'!C7*C10 -> 4156.11 | F10: ='Budget Distribution'!D7*C10 -> 5014.386 | G10: ='Budget Distribution'!E7*C10 -> 5665.1438 | H10: ='Budget Distribution'!F7*C10 -> 6154.65 | I10: ='Budget Distribution'!G7*C10 -> 7499.25 | J10: =SUM(D10:I10) -> 31597.54
A11: SB Video | B11: SB/Video/Brand kws (Exact+Phrase) | C11: 0.25 | D11: ='Budget Distribution'!B8*C11 -> 3885 | E11: ='Budget Distribution'!C8*C11 -> 5195.1375 | F11: ='Budget Distribution'!D8*C11 -> 6964.425 | G11: ='Budget Distribution'!E8*C11 -> 8331.0938 | H11: ='Budget Distribution'!F8*C11 -> 10257.75 | I11: ='Budget Distribution'!G8*C11 -> 12498.75 | J11: =SUM(D11:I11) -> 47132.156
A12: SB Video | B12: SB/Video/Generic Chettinad kws (Exact+Phrase) | C12: 0.5 | D12: ='Budget Distribution'!B8*C12 -> 7770 | E12: ='Budget Distribution'!C8*C12 -> 10390.275 | F12: ='Budget Distribution'!D8*C12 -> 13928.85 | G12: ='Budget Distribution'!E8*C12 -> 16662.188 | H12: ='Budget Distribution'!F8*C12 -> 20515.5 | I12: ='Budget Distribution'!G8*C12 -> 24997.5 | J12: =SUM(D12:I12) -> 94264.312
A13: SB Video | B13: SB/Video/Comp kws (Exact+Phrase) | C13: 0.25 | D13: ='Budget Distribution'!B8*C13 -> 3885 | E13: ='Budget Distribution'!C8*C13 -> 5195.1375 | F13: ='Budget Distribution'!D8*C13 -> 6964.425 | G13: ='Budget Distribution'!E8*C13 -> 8331.0938 | H13: ='Budget Distribution'!F8*C13 -> 10257.75 | I13: ='Budget Distribution'!G8*C13 -> 12498.75 | J13: =SUM(D13:I13) -> 47132.156
A14: SB Brand | B14: SB Brand – Product Collection (combo) | C14: 1 | D14: ='Budget Distribution'!B9*C14 -> 0 | E14: ='Budget Distribution'!C9*C14 -> 0 | F14: ='Budget Distribution'!D9*C14 -> 18571.8 | G14: ='Budget Distribution'!E9*C14 -> 26659.5 | H14: ='Budget Distribution'!F9*C14 -> 41031 | I14: ='Budget Distribution'!G9*C14 -> 49995 | J14: =SUM(D14:I14) -> 136257.3
A15: SD | B15: SD/Contextual/IP – Comp Curry Paste | C15: 0.2 | D15: ='Budget Distribution'!B10*C15 -> 0 | E15: ='Budget Distribution'!C10*0.3 -> 2909.277 | F15: ='Budget Distribution'!D10*C15 -> 3714.36 | G15: ='Budget Distribution'!E10*C15 -> 5776.225 | H15: ='Budget Distribution'!F10*C15 -> 8206.2 | I15: ='Budget Distribution'!G10*C15 -> 9999 | J15: =SUM(D15:I15) -> 30605.062
A16: SD | B16: SD/Contextual/CT | C16: 0.15 | D16: ='Budget Distribution'!B10*C16 -> 0 | E16: ='Budget Distribution'!C10*0.2 -> 1939.518 | F16: ='Budget Distribution'!D10*C16 -> 2785.77 | G16: ='Budget Distribution'!E10*C16 -> 4332.1687 | H16: ='Budget Distribution'!F10*C16 -> 6154.65 | I16: ='Budget Distribution'!G10*C16 -> 7499.25 | J16: =SUM(D16:I16) -> 22711.357
A17: SD | B17: SD/Remarketing/Views | C17: 0.35 | D17: ='Budget Distribution'!B10*C17 -> 0 | E17: ='Budget Distribution'!C10*0.5 -> 4848.795 | F17: ='Budget Distribution'!D10*C17 -> 6500.13 | G17: ='Budget Distribution'!E10*C17 -> 10108.394 | H17: ='Budget Distribution'!F10*C17 -> 14360.85 | I17: ='Budget Distribution'!G10*C17 -> 17498.25 | J17: =SUM(D17:I17) -> 53316.419
A18: SD | B18: SD/Remarketing/Purchases | C18: 0.15 | D18: ='Budget Distribution'!B10*C18 -> 0 | E18: ='Budget Distribution'!C10*0 -> 0 | F18: ='Budget Distribution'!D10*C18 -> 2785.77 | G18: ='Budget Distribution'!E10*C18 -> 4332.1687 | H18: ='Budget Distribution'!F10*C18 -> 6154.65 | I18: ='Budget Distribution'!G10*C18 -> 7499.25 | J18: =SUM(D18:I18) -> 20771.839
A19: SD | B19: SD/Inmarketing | C19: 0.1 | D19: ='Budget Distribution'!B10*C19 -> 0 | E19: ='Budget Distribution'!C10*0 -> 0 | F19: ='Budget Distribution'!D10*C19 -> 1857.18 | G19: ='Budget Distribution'!E10*C19 -> 2888.1125 | H19: ='Budget Distribution'!F10*C19 -> 4103.1 | I19: ='Budget Distribution'!G10*C19 -> 4999.5 | J19: =SUM(D19:I19) -> 13847.892
A20: SD | B20: SD/Contextual/IP – Brand (own ASINs) | C20: 0.05 | D20: ='Budget Distribution'!B10*C20 -> 0 | E20: ='Budget Distribution'!C10*0 -> 0 | F20: ='Budget Distribution'!D10*C20 -> 928.59 | G20: ='Budget Distribution'!E10*C20 -> 1444.0563 | H20: ='Budget Distribution'!F10*C20 -> 2051.55 | I20: ='Budget Distribution'!G10*C20 -> 2499.75 | J20: =SUM(D20:I20) -> 6923.9462
B21: Total | D21: =SUM(D4:D20) -> 103600 | E21: =SUM(E4:E20) -> 138537 | F21: =SUM(F4:F20) -> 185718 | G21: =SUM(G4:G20) -> 222162.5 | H21: =SUM(H4:H20) -> 273540 | I21: =SUM(I4:I20) -> 333300 | J21: =SUM(J4:J20) -> 1256857.5
B23: Brand 15% only: brand searches are small (curry it 2,400 + curryit 1,300) and cheap. Generic 60%: biggest relevant volume (Chettinad 1,980 + chicken curry masala 1,490 + paste/RTC 720). SD Views biggest SD share: warmest audience. SD in Month 2 = only IP 30% / CT 20% / Views 50%; Purchases + In-market start Month 3 (same as SD sheet).

Sheet Benchmarks
A1: Metric | B1: Benchmark found | C1: Source | D1: Used in plan
A2: CTR – Food & Grocery | B2: 0.39% average (another source 0.53%); grocery range 0.30–0.42% | C2: adbadger.com, triplewhale.com, autron.ai (2026 benchmark posts) | D2: 0.30% → 0.40%
A3: CTR – by ad type | B3: SP 0.3–0.5%, SB 0.2–0.4%, SD 0.1–0.2% | C3: salesduo.com – Amazon Advertising Benchmarks 2026 | D3: Blended 0.30–0.40%
A4: CVR – Food & Grocery | B4: 16.5% average; 15–20% / 20–30% in some reports (US data) | C4: adbadger.com, sequencecommerce.com | D4: 6% → 8% (deck; small brand, weak listing)
A5: CPC – India Grocery | B5: ₹3–10 avg; ₹4–16 range, median ~₹9; top of search +18–40% | C5: swcybernetics.in, upgrowth.in (2026 India guides) | D5: ₹14 → ₹12
A6: CPC – India SP (D2C) | B6: ₹12–35 for most D2C categories; SD retargeting ₹3–15 | C6: evanik.ai, upgrowth.in | D6: ₹12 (deck)
A7: ACOS / ROAS – Grocery | B7: ACOS 21% (US avg); India Grocery ACOS 12–22%, ROAS 5–9x | C7: adbadger.com, upgrowth.in | D7: 33% ACOS / 3.0 ROAS by M6 (new brand, conservative)
A8: Note | B8: US and India numbers differ. Use these as direction only. Deck numbers (CTR 0.4%, CVR 8%, CPC ₹12) kept as the Month 6 end-state.
